Experiment,MeanReward,StdReward,MeanUsage,MeanFairness,MeanDelay
RL + full,60.5542983339318,25.836104008836,0.401166666666667,0.790929232509186,0.00518307755182252
